OBJECTID,GlobalID,headCount,GUID,Name,Count,CreationDate,Creator,EditDate,Editor
1,e90200bd-8356-4756-ad2d-9406a6289ac8,,7227039c-23e1-4ca4-ac4c-502f0929edbe,,10,3/16/2023 9:15:01 PM,fherrera11_ucmerced,3/16/2023 9:15:01 PM,fherrera11_ucmerced
2,620bcc97-7f62-4c10-9793-f0babf9b9ed4,,bad3bb01-8fe8-4000-bd00-9358fa12248d,,50,3/16/2023 9:16:37 PM,fherrera11_ucmerced,3/16/2023 9:16:37 PM,fherrera11_ucmerced
3,fd557fb5-5551-486e-b73e-227c9aae43b1,,9a586f47-7a82-450c-8cfd-dca7c20c097b,,100,3/16/2023 9:17:15 PM,fherrera11_ucmerced,3/16/2023 9:17:15 PM,fherrera11_ucmerced
4,5114f9b6-8638-4935-88ad-ef0b5b7f77bc,,7227039c-23e1-4ca4-ac4c-502f0929edbe,,100,3/16/2023 9:25:13 PM,fherrera11_ucmerced,3/16/2023 9:25:13 PM,fherrera11_ucmerced
5,cc015ee2-587f-4720-88e7-122ec8993dcc,,7227039c-23e1-4ca4-ac4c-502f0929edbe,,50,3/23/2023 4:56:23 PM,fherrera11_ucmerced,3/23/2023 4:56:23 PM,fherrera11_ucmerced
6,35b85367-28e7-47de-bb69-59409b8ba9e0,,03ab0ee7-1cee-422f-83a7-39f2b9d6edc6,,95,3/23/2023 5:22:16 PM,fherrera11_ucmerced,3/23/2023 5:22:16 PM,fherrera11_ucmerced
7,aaca79ac-f264-4508-8604-1651f63cf30d,,7227039c-23e1-4ca4-ac4c-502f0929edbe,,60,3/23/2023 5:22:56 PM,fherrera11_ucmerced,3/23/2023 5:22:56 PM,fherrera11_ucmerced
8,e6f069b0-f200-455b-b023-e97b49895258,,7227039c-23e1-4ca4-ac4c-502f0929edbe,,105,3/23/2023 5:24:21 PM,fherrera11_ucmerced,3/23/2023 5:24:21 PM,fherrera11_ucmerced
9,28279d1d-a35e-43eb-a702-66ec43a21d8e,,7227039c-23e1-4ca4-ac4c-502f0929edbe,,200,3/23/2023 6:29:15 PM,fherrera11_ucmerced,3/23/2023 6:29:15 PM,fherrera11_ucmerced
10,779b154a-dcde-43de-8523-601612d2e463,,7227039c-23e1-4ca4-ac4c-502f0929edbe,,50,3/23/2023 7:29:32 PM,fherrera11_ucmerced,3/23/2023 7:29:32 PM,fherrera11_ucmerced
11,3a9ffa45-c4df-46e1-8649-e9cb128b5870,,1267c7ee-8ae9-4325-b1c9-0a5827c9cbe9,,100,3/30/2023 7:14:09 PM,fherrera11_ucmerced,3/30/2023 7:14:09 PM,fherrera11_ucmerced
12,b4b7ee13-cf09-4c4c-9846-0373aed10faa,,5f9fa78e-df42-49bd-9e0b-eeffd51e107b,,40,3/30/2023 7:14:29 PM,fherrera11_ucmerced,3/30/2023 7:14:29 PM,fherrera11_ucmerced
13,e518e30f-64a6-4d3a-a6f5-48fff7655b6e,,abb0c4b6-2ba6-4bd5-b14e-e38ac2231d38,,5,3/30/2023 7:14:48 PM,fherrera11_ucmerced,3/30/2023 7:14:48 PM,fherrera11_ucmerced
14,78843afd-d1c6-4392-b82d-dc449ddb1328,,8b3afbf7-aded-4cc9-a5d3-b13b45e58f09,,4,3/30/2023 7:15:06 PM,fherrera11_ucmerced,3/30/2023 7:15:06 PM,fherrera11_ucmerced
15,12e58edf-2dba-48c2-8726-808d6ccfb3cd,,657f9095-253f-4b5b-9267-7c8cacb5236c,,4,3/30/2023 7:15:21 PM,fherrera11_ucmerced,3/30/2023 7:15:21 PM,fherrera11_ucmerced
16,01aaa985-2d71-4f6d-b1c4-d7f8c17c5489,,d393b22e-e47a-4934-b16b-0dbde07a06d0,,3,3/30/2023 7:15:32 PM,fherrera11_ucmerced,3/30/2023 7:15:32 PM,fherrera11_ucmerced
17,fc504e07-7863-4032-ae8e-05c59a029a0b,,f3612386-ae51-4f87-8d15-42d2cb28b96b,,2,3/30/2023 7:15:43 PM,fherrera11_ucmerced,3/30/2023 7:15:43 PM,fherrera11_ucmerced
18,339554e6-0613-46c7-a478-fc8f678ee90b,,7227039c-23e1-4ca4-ac4c-502f0929edbe,,50,3/30/2023 7:16:19 PM,fherrera11_ucmerced,3/30/2023 7:16:19 PM,fherrera11_ucmerced
19,27034f1a-c0a8-41d1-8d10-c268504d9b2e,,99d2131d-8f17-4115-86f1-60aab188dca4,,100,3/30/2023 7:16:44 PM,fherrera11_ucmerced,3/30/2023 7:16:44 PM,fherrera11_ucmerced
20,61dd780e-f812-4a70-9e46-d92a958be6f8,,e6dbc0c2-8014-42f6-9c71-ef2a11097985,,20,3/30/2023 7:33:50 PM,fherrera11_ucmerced,3/30/2023 7:33:50 PM,fherrera11_ucmerced
21,4a7daf73-9d1e-40b8-8721-b6bfe040dd30,,2cc912f0-a2f1-4215-af91-b05af816a0d9,,10,3/30/2023 7:34:07 PM,fherrera11_ucmerced,3/30/2023 7:34:07 PM,fherrera11_ucmerced
22,de85bed6-b603-479f-ab01-8c68857284d8,,ccfb6a24-f179-4da4-b89f-7c329fe0e8c9,,10,3/30/2023 7:34:26 PM,fherrera11_ucmerced,3/30/2023 7:34:26 PM,fherrera11_ucmerced
23,bebd60a8-20da-465d-bb1d-a16889849387,,3d4ade81-3b4f-4f4c-9a1c-35b6b40fb926,,15,3/30/2023 7:34:47 PM,fherrera11_ucmerced,3/30/2023 7:34:47 PM,fherrera11_ucmerced
24,5265928d-617f-46ba-bf8d-e0c2b91f0508,,382cbc54-e96a-4006-99dc-244065811d10,,5,3/30/2023 7:34:58 PM,fherrera11_ucmerced,3/30/2023 7:34:58 PM,fherrera11_ucmerced
25,9427b38d-293c-4839-8559-810ba743000e,,dec1dc36-21b2-426d-94b2-94eec4adacbe,,60,3/30/2023 7:35:27 PM,fherrera11_ucmerced,3/30/2023 7:35:27 PM,fherrera11_ucmerced
26,42a69641-8d7a-46bd-be27-f0488f8c492e,,3d4ade81-3b4f-4f4c-9a1c-35b6b40fb926,,30,3/30/2023 7:37:36 PM,fherrera11_ucmerced,3/30/2023 7:37:36 PM,fherrera11_ucmerced
27,8b151388-22a3-43fb-8bf2-e5c9095c97f4,,abb6b141-d674-4caa-9fe5-ac5cf426007e,,100,3/30/2023 7:37:48 PM,fherrera11_ucmerced,3/30/2023 7:37:48 PM,fherrera11_ucmerced
28,6f680e20-069e-4282-8f73-a17bf0dbd1dd,,b54b75f9-4e6a-4513-9256-1cd8b9378c49,,20,3/30/2023 7:38:06 PM,fherrera11_ucmerced,3/30/2023 7:38:06 PM,fherrera11_ucmerced
29,286c0bea-2938-4bde-859f-a0c2ccd62431,,24cc60f9-ba23-4d55-b393-a2122c059f0f,,20,3/30/2023 7:38:17 PM,fherrera11_ucmerced,3/30/2023 7:38:17 PM,fherrera11_ucmerced
30,a53ca8e7-6296-42ab-989e-20c8959f5126,,88b5ff58-9de2-4ad1-87df-06b4c7f1d60c,,15,3/30/2023 7:38:29 PM,fherrera11_ucmerced,3/30/2023 7:38:29 PM,fherrera11_ucmerced
31,ca65198f-0680-47e3-9a7e-c83a03952947,,24cc60f9-ba23-4d55-b393-a2122c059f0f,,12,3/30/2023 7:39:04 PM,fherrera11_ucmerced,3/30/2023 7:39:04 PM,fherrera11_ucmerced
32,da0609c4-3eaf-4d1c-895f-ed5096d173c2,,1267c7ee-8ae9-4325-b1c9-0a5827c9cbe9,,50,3/30/2023 7:39:31 PM,fherrera11_ucmerced,3/30/2023 7:39:31 PM,fherrera11_ucmerced
33,225143b1-9f07-463e-a79f-7c4abacb86b2,,c7fd9a01-d259-4a43-affe-0aee40d33433,,20,3/30/2023 7:39:46 PM,fherrera11_ucmerced,3/30/2023 7:39:46 PM,fherrera11_ucmerced
34,e5cb58d6-9058-444c-b199-48d5948b97fa,,bd87e74b-5091-4010-9ee1-f2da15a07855,,50,3/30/2023 11:02:48 PM,fherrera11_ucmerced,3/30/2023 11:02:48 PM,fherrera11_ucmerced
35,1a78dff1-44a4-4b00-8fb6-345caf81ba18,,bd87e74b-5091-4010-9ee1-f2da15a07855,,20,3/30/2023 11:23:03 PM,fherrera11_ucmerced,3/30/2023 11:23:03 PM,fherrera11_ucmerced
36,138ed8fb-3949-4ad1-9ce8-51f2fe156223,,2cc912f0-a2f1-4215-af91-b05af816a0d9,,10,3/30/2023 11:23:14 PM,fherrera11_ucmerced,3/30/2023 11:23:14 PM,fherrera11_ucmerced
37,828ca05c-4602-49cc-86fe-0d97622a4d19,,50de0f33-ce22-4246-9945-cfec135c8f15,,10,3/30/2023 11:23:27 PM,fherrera11_ucmerced,3/30/2023 11:23:27 PM,fherrera11_ucmerced
38,7c1c4e21-f506-4029-876d-335568ef2dad,,50de0f33-ce22-4246-9945-cfec135c8f15,,5,3/30/2023 11:23:53 PM,fherrera11_ucmerced,3/30/2023 11:23:53 PM,fherrera11_ucmerced
39,22bcc721-bf63-40e9-bc9f-958cb192bb1c,,ccfb6a24-f179-4da4-b89f-7c329fe0e8c9,,67,3/30/2023 11:24:05 PM,fherrera11_ucmerced,3/30/2023 11:24:05 PM,fherrera11_ucmerced
40,776cd1bc-e8cb-4300-8f0d-f11447d81297,,fee98b5b-3989-4547-a866-ed2125e98a9a,,4,3/30/2023 11:24:20 PM,fherrera11_ucmerced,3/30/2023 11:24:20 PM,fherrera11_ucmerced
41,773f99ce-1e11-4b92-ba58-7e8c4c44587c,,e6dbc0c2-8014-42f6-9c71-ef2a11097985,,7,3/30/2023 11:24:34 PM,fherrera11_ucmerced,3/30/2023 11:24:34 PM,fherrera11_ucmerced
42,ba0a82b2-dc71-4d09-beb6-9c50cdd80261,,99d2131d-8f17-4115-86f1-60aab188dca4,,20,3/30/2023 11:26:07 PM,fherrera11_ucmerced,3/30/2023 11:26:07 PM,fherrera11_ucmerced
43,51914251-0fbd-4854-91ec-ed578e88c03a,,bad3bb01-8fe8-4000-bd00-9358fa12248d,,20,3/30/2023 11:26:25 PM,fherrera11_ucmerced,3/30/2023 11:26:25 PM,fherrera11_ucmerced
44,3090a67c-3ae6-49fd-9aa6-35fc09326c8c,,3d4ade81-3b4f-4f4c-9a1c-35b6b40fb926,,10,3/30/2023 11:26:37 PM,fherrera11_ucmerced,3/30/2023 11:26:37 PM,fherrera11_ucmerced
45,c1df0a6a-2c9f-4276-9abe-2910a13a5632,,382cbc54-e96a-4006-99dc-244065811d10,,10,3/30/2023 11:27:10 PM,fherrera11_ucmerced,3/30/2023 11:27:10 PM,fherrera11_ucmerced
46,1e76f37f-8df2-41a9-a170-ae0fa550452f,,53037d0d-4fb6-4aeb-b833-aee7841654e1,,5,3/30/2023 11:29:47 PM,fherrera11_ucmerced,3/30/2023 11:29:47 PM,fherrera11_ucmerced
47,06899cd6-0ccb-486c-a214-1095ee84d624,,53037d0d-4fb6-4aeb-b833-aee7841654e1,,5,3/31/2023 12:45:56 AM,fherrera11_ucmerced,3/31/2023 12:45:56 AM,fherrera11_ucmerced
48,b8e0f32b-f2b7-4d5c-a628-e7f8b81d91be,,53037d0d-4fb6-4aeb-b833-aee7841654e1,,4,3/31/2023 12:46:06 AM,fherrera11_ucmerced,3/31/2023 12:46:06 AM,fherrera11_ucmerced
49,f88efde7-b6ac-44f0-bd04-5abf5c4fdce0,,53037d0d-4fb6-4aeb-b833-aee7841654e1,,5,3/31/2023 12:46:25 AM,fherrera11_ucmerced,3/31/2023 12:46:25 AM,fherrera11_ucmerced
50,078b1159-33a2-4509-a3be-115b202ab5af,,53037d0d-4fb6-4aeb-b833-aee7841654e1,,3,3/31/2023 12:46:35 AM,fherrera11_ucmerced,3/31/2023 12:46:35 AM,fherrera11_ucmerced
51,42678c30-6abd-444a-81c5-1a78e7371a43,,b54b75f9-4e6a-4513-9256-1cd8b9378c49,,12,3/31/2023 12:47:23 AM,fherrera11_ucmerced,3/31/2023 12:47:23 AM,fherrera11_ucmerced
52,6205c644-93fc-4f86-ab44-64553a7b8018,,b54b75f9-4e6a-4513-9256-1cd8b9378c49,,11,3/31/2023 12:47:32 AM,fherrera11_ucmerced,3/31/2023 12:47:32 AM,fherrera11_ucmerced
53,57882814-9fb6-433f-b31e-636e7d45e3e6,,b54b75f9-4e6a-4513-9256-1cd8b9378c49,,13,3/31/2023 12:47:41 AM,fherrera11_ucmerced,3/31/2023 12:47:41 AM,fherrera11_ucmerced
54,8f9e2a10-a37d-4406-a509-053916e2ef36,,b54b75f9-4e6a-4513-9256-1cd8b9378c49,,18,3/31/2023 12:47:50 AM,fherrera11_ucmerced,3/31/2023 12:47:50 AM,fherrera11_ucmerced
55,1f099967-d9a5-45c0-ab6a-ae0418fb0b0e,,24cc60f9-ba23-4d55-b393-a2122c059f0f,,11,3/31/2023 12:48:01 AM,fherrera11_ucmerced,3/31/2023 12:48:01 AM,fherrera11_ucmerced
56,bcb8ede8-42ea-4f72-b664-8f05ce2e9900,,24cc60f9-ba23-4d55-b393-a2122c059f0f,,17,3/31/2023 12:48:27 AM,fherrera11_ucmerced,3/31/2023 12:48:27 AM,fherrera11_ucmerced
57,21ebea4e-f1ae-44db-b9b8-8482066405e2,,24cc60f9-ba23-4d55-b393-a2122c059f0f,,18,3/31/2023 12:48:38 AM,fherrera11_ucmerced,3/31/2023 12:48:38 AM,fherrera11_ucmerced
58,65764aa8-7c07-47b9-8c06-e0417df39430,,88b5ff58-9de2-4ad1-87df-06b4c7f1d60c,,16,3/31/2023 12:48:56 AM,fherrera11_ucmerced,3/31/2023 12:48:56 AM,fherrera11_ucmerced
59,b621dcc1-4ee9-496c-ab6a-2b64f00ba710,,88b5ff58-9de2-4ad1-87df-06b4c7f1d60c,,20,3/31/2023 12:51:38 AM,fherrera11_ucmerced,3/31/2023 12:51:38 AM,fherrera11_ucmerced
60,56b441bd-1891-4e50-a51d-1cde7ab63795,,88b5ff58-9de2-4ad1-87df-06b4c7f1d60c,,20,3/31/2023 12:51:47 AM,fherrera11_ucmerced,3/31/2023 12:51:47 AM,fherrera11_ucmerced
61,05b1a841-ba81-4b8a-ad8d-92cab121212a,,88b5ff58-9de2-4ad1-87df-06b4c7f1d60c,,19,3/31/2023 12:51:57 AM,fherrera11_ucmerced,3/31/2023 12:51:57 AM,fherrera11_ucmerced
62,7ba5c547-d855-474b-8147-bb4320aab48e,,1267c7ee-8ae9-4325-b1c9-0a5827c9cbe9,,51,3/31/2023 12:52:14 AM,fherrera11_ucmerced,3/31/2023 12:52:14 AM,fherrera11_ucmerced
63,6c768549-62a2-41cc-8e16-78f4be79e2af,,1267c7ee-8ae9-4325-b1c9-0a5827c9cbe9,,48,3/31/2023 12:52:25 AM,fherrera11_ucmerced,3/31/2023 12:52:25 AM,fherrera11_ucmerced
64,7ae0d5b1-3df9-4ca9-a1fc-ef489f37efa4,,1267c7ee-8ae9-4325-b1c9-0a5827c9cbe9,,47,3/31/2023 12:52:35 AM,fherrera11_ucmerced,3/31/2023 12:52:35 AM,fherrera11_ucmerced
65,499690da-9496-4e15-a496-c3ba4538d519,,c7fd9a01-d259-4a43-affe-0aee40d33433,,23,3/31/2023 12:52:54 AM,fherrera11_ucmerced,3/31/2023 12:52:54 AM,fherrera11_ucmerced
66,9eba1365-d746-4e51-a23b-6deb14419fcf,,c7fd9a01-d259-4a43-affe-0aee40d33433,,15,3/31/2023 12:53:17 AM,fherrera11_ucmerced,3/31/2023 12:53:17 AM,fherrera11_ucmerced
67,a9fb1ddc-4d97-4e08-bf99-9b5805c0fd16,,c7fd9a01-d259-4a43-affe-0aee40d33433,,14,3/31/2023 12:53:26 AM,fherrera11_ucmerced,3/31/2023 12:53:26 AM,fherrera11_ucmerced
68,cfa63e22-adb6-4bea-8735-b5d0f58ca87c,,c7fd9a01-d259-4a43-affe-0aee40d33433,,12,3/31/2023 12:53:35 AM,fherrera11_ucmerced,3/31/2023 12:53:35 AM,fherrera11_ucmerced
69,4e94b656-ff4a-4226-a258-f81f3e8e7afb,,5f9fa78e-df42-49bd-9e0b-eeffd51e107b,,2,3/31/2023 12:54:01 AM,fherrera11_ucmerced,3/31/2023 12:54:01 AM,fherrera11_ucmerced
70,a33aa28c-5bda-418d-9b0b-e0ff5afd9958,,5f9fa78e-df42-49bd-9e0b-eeffd51e107b,,1,3/31/2023 12:54:11 AM,fherrera11_ucmerced,3/31/2023 12:54:11 AM,fherrera11_ucmerced
71,59ac29df-456d-4e4c-99f9-636f060d194f,,5f9fa78e-df42-49bd-9e0b-eeffd51e107b,,1,3/31/2023 12:54:19 AM,fherrera11_ucmerced,3/31/2023 12:54:19 AM,fherrera11_ucmerced
72,d9979d72-86aa-4f57-b99f-30dd731aacdd,,5f9fa78e-df42-49bd-9e0b-eeffd51e107b,,2,3/31/2023 12:54:31 AM,fherrera11_ucmerced,3/31/2023 12:54:31 AM,fherrera11_ucmerced
73,ab9d4545-736f-4da9-9b56-1afaa3eb1d2a,,cdb00697-f3d4-4e51-a65f-57ce43e9cd2f,,1,3/31/2023 12:54:42 AM,fherrera11_ucmerced,3/31/2023 12:54:42 AM,fherrera11_ucmerced
74,54fde805-59a2-44fa-bd20-856353692bec,,cdb00697-f3d4-4e51-a65f-57ce43e9cd2f,,2,3/31/2023 12:54:51 AM,fherrera11_ucmerced,3/31/2023 12:54:51 AM,fherrera11_ucmerced
75,3040034d-09c7-44f9-b79b-c1ac4cd98e09,,cdb00697-f3d4-4e51-a65f-57ce43e9cd2f,,1,3/31/2023 12:55:00 AM,fherrera11_ucmerced,3/31/2023 12:55:00 AM,fherrera11_ucmerced
76,3411c686-e763-4283-a270-ff2b71409102,,cdb00697-f3d4-4e51-a65f-57ce43e9cd2f,,2,3/31/2023 12:55:10 AM,fherrera11_ucmerced,3/31/2023 12:55:10 AM,fherrera11_ucmerced
77,7fbae74a-c30c-4631-8ddc-cca4b52781ff,,cdb00697-f3d4-4e51-a65f-57ce43e9cd2f,,1,3/31/2023 12:55:21 AM,fherrera11_ucmerced,3/31/2023 12:55:21 AM,fherrera11_ucmerced
78,34f8abba-7f34-497c-95e2-34745d2e4a8d,,abb0c4b6-2ba6-4bd5-b14e-e38ac2231d38,,2,3/31/2023 12:55:40 AM,fherrera11_ucmerced,3/31/2023 12:55:40 AM,fherrera11_ucmerced
79,353e4037-fae7-46b1-a85c-ee7aab77f61b,,abb0c4b6-2ba6-4bd5-b14e-e38ac2231d38,,1,3/31/2023 12:55:50 AM,fherrera11_ucmerced,3/31/2023 12:55:50 AM,fherrera11_ucmerced
80,ca095b27-20d1-47d0-9690-5eb45fead130,,abb0c4b6-2ba6-4bd5-b14e-e38ac2231d38,,2,3/31/2023 12:56:13 AM,fherrera11_ucmerced,3/31/2023 12:56:13 AM,fherrera11_ucmerced
81,d74376f8-0bcf-4f7c-9256-5f1823a9e692,,abb0c4b6-2ba6-4bd5-b14e-e38ac2231d38,,1,3/31/2023 12:56:22 AM,fherrera11_ucmerced,3/31/2023 12:56:22 AM,fherrera11_ucmerced
82,46740765-555c-4cdc-be78-640297eae7e1,,8b3afbf7-aded-4cc9-a5d3-b13b45e58f09,,1,3/31/2023 12:56:34 AM,fherrera11_ucmerced,3/31/2023 12:56:34 AM,fherrera11_ucmerced
83,914ac46f-1ad8-4891-9b38-4d9d857ab842,,8b3afbf7-aded-4cc9-a5d3-b13b45e58f09,,2,3/31/2023 12:56:43 AM,fherrera11_ucmerced,3/31/2023 12:56:43 AM,fherrera11_ucmerced
84,149e2826-de9e-4adc-ac25-30daad03a248,,8b3afbf7-aded-4cc9-a5d3-b13b45e58f09,,1,3/31/2023 12:56:52 AM,fherrera11_ucmerced,3/31/2023 12:56:52 AM,fherrera11_ucmerced
85,41fd5a3f-ef4d-4302-95f3-f98cb274b388,,8b3afbf7-aded-4cc9-a5d3-b13b45e58f09,,1,3/31/2023 12:57:02 AM,fherrera11_ucmerced,3/31/2023 12:57:02 AM,fherrera11_ucmerced
86,c5879565-6ce6-4829-aca8-1cf65f70c482,,657f9095-253f-4b5b-9267-7c8cacb5236c,,1,3/31/2023 12:57:19 AM,fherrera11_ucmerced,3/31/2023 12:57:19 AM,fherrera11_ucmerced
87,776f4159-45da-4f7f-bac7-e4ef53d6af05,,657f9095-253f-4b5b-9267-7c8cacb5236c,,2,3/31/2023 12:57:29 AM,fherrera11_ucmerced,3/31/2023 12:57:29 AM,fherrera11_ucmerced
88,bd70bf22-225f-4b30-bdc7-6225bde301ed,,657f9095-253f-4b5b-9267-7c8cacb5236c,,1,3/31/2023 12:57:39 AM,fherrera11_ucmerced,3/31/2023 12:57:39 AM,fherrera11_ucmerced
89,09f2dcad-d186-4f4c-a2cc-82840a5e3d56,,657f9095-253f-4b5b-9267-7c8cacb5236c,,2,3/31/2023 12:57:46 AM,fherrera11_ucmerced,3/31/2023 12:57:46 AM,fherrera11_ucmerced
90,76a87691-434f-428f-b39e-3600a6302bd0,,d393b22e-e47a-4934-b16b-0dbde07a06d0,,1,3/31/2023 12:58:03 AM,fherrera11_ucmerced,3/31/2023 12:58:03 AM,fherrera11_ucmerced
91,9d588ec5-87f7-4793-a007-5d953d2cf46b,,d393b22e-e47a-4934-b16b-0dbde07a06d0,,2,3/31/2023 12:58:12 AM,fherrera11_ucmerced,3/31/2023 12:58:12 AM,fherrera11_ucmerced
92,fbe109a7-a6bf-4840-aed8-f3f22b2af228,,d393b22e-e47a-4934-b16b-0dbde07a06d0,,1,3/31/2023 12:58:21 AM,fherrera11_ucmerced,3/31/2023 12:58:21 AM,fherrera11_ucmerced
93,1d4905a6-cf2b-4422-9c7f-95a7a2483896,,d393b22e-e47a-4934-b16b-0dbde07a06d0,,1,3/31/2023 12:58:30 AM,fherrera11_ucmerced,3/31/2023 12:58:30 AM,fherrera11_ucmerced
94,a02ab5b0-1be9-4813-85dd-f96227259edf,,f3612386-ae51-4f87-8d15-42d2cb28b96b,,1,3/31/2023 12:58:56 AM,fherrera11_ucmerced,3/31/2023 12:58:56 AM,fherrera11_ucmerced
95,8e86193f-e565-41bc-b579-f1ad1019855f,,f3612386-ae51-4f87-8d15-42d2cb28b96b,,1,3/31/2023 12:59:05 AM,fherrera11_ucmerced,3/31/2023 12:59:05 AM,fherrera11_ucmerced
96,381de44b-dd24-497d-b6ac-61aa2d728ed0,,f3612386-ae51-4f87-8d15-42d2cb28b96b,,2,3/31/2023 12:59:16 AM,fherrera11_ucmerced,3/31/2023 12:59:16 AM,fherrera11_ucmerced
97,2f484c5b-1e7e-4a6d-bb52-3705a9472409,,f3612386-ae51-4f87-8d15-42d2cb28b96b,,1,3/31/2023 12:59:26 AM,fherrera11_ucmerced,3/31/2023 12:59:26 AM,fherrera11_ucmerced
98,3e2bc31f-0c18-4045-bb62-7d259613d4a6,,9a586f47-7a82-450c-8cfd-dca7c20c097b,,30,3/31/2023 12:59:53 AM,fherrera11_ucmerced,3/31/2023 12:59:53 AM,fherrera11_ucmerced
99,8db7c347-880b-4e56-9ee2-13dd32501f47,,9a586f47-7a82-450c-8cfd-dca7c20c097b,,54,3/31/2023 1:00:49 AM,fherrera11_ucmerced,3/31/2023 1:00:49 AM,fherrera11_ucmerced
100,4a0f9511-0c92-4dcd-9be8-1e42e84d924f,,9a586f47-7a82-450c-8cfd-dca7c20c097b,,45,3/31/2023 1:01:02 AM,fherrera11_ucmerced,3/31/2023 1:01:02 AM,fherrera11_ucmerced
101,013532cf-383c-4b3a-9314-8782a3b3a75d,,9a586f47-7a82-450c-8cfd-dca7c20c097b,,58,3/31/2023 1:01:12 AM,fherrera11_ucmerced,3/31/2023 1:01:12 AM,fherrera11_ucmerced
102,76269437-caef-4893-9fae-0eccbfbfc155,,bad3bb01-8fe8-4000-bd00-9358fa12248d,,24,3/31/2023 1:01:31 AM,fherrera11_ucmerced,3/31/2023 1:01:31 AM,fherrera11_ucmerced
103,50bfbefa-f6ca-489d-b7ce-4e28bf248e89,,bad3bb01-8fe8-4000-bd00-9358fa12248d,,10,3/31/2023 1:01:40 AM,fherrera11_ucmerced,3/31/2023 1:01:40 AM,fherrera11_ucmerced
104,a06a4969-889b-4299-93e8-717112e51997,,bad3bb01-8fe8-4000-bd00-9358fa12248d,,9,3/31/2023 1:01:49 AM,fherrera11_ucmerced,3/31/2023 1:01:49 AM,fherrera11_ucmerced
105,cd2131a1-4b1f-40fd-ae3c-6bf2f674d864,,abb6b141-d674-4caa-9fe5-ac5cf426007e,,24,3/31/2023 1:02:06 AM,fherrera11_ucmerced,3/31/2023 1:02:06 AM,fherrera11_ucmerced
106,38b60c54-5f1b-48a1-a934-1ee1672c0608,,abb6b141-d674-4caa-9fe5-ac5cf426007e,,25,3/31/2023 1:02:15 AM,fherrera11_ucmerced,3/31/2023 1:02:15 AM,fherrera11_ucmerced
107,a0d5aa09-4536-4d1e-882e-34d423c30af6,,abb6b141-d674-4caa-9fe5-ac5cf426007e,,30,3/31/2023 1:02:23 AM,fherrera11_ucmerced,3/31/2023 1:02:23 AM,fherrera11_ucmerced
108,0a6423af-e80c-4f51-a707-7f12e8f99ad9,,abb6b141-d674-4caa-9fe5-ac5cf426007e,,31,3/31/2023 1:02:31 AM,fherrera11_ucmerced,3/31/2023 1:02:31 AM,fherrera11_ucmerced
109,10062078-b05d-45a9-bb5c-d730803bed9f,,3d4ade81-3b4f-4f4c-9a1c-35b6b40fb926,,7,3/31/2023 1:02:57 AM,fherrera11_ucmerced,3/31/2023 1:02:57 AM,fherrera11_ucmerced
110,e41585d4-3172-4f81-bebd-6969eac772f9,,3d4ade81-3b4f-4f4c-9a1c-35b6b40fb926,,8,3/31/2023 1:03:05 AM,fherrera11_ucmerced,3/31/2023 1:03:05 AM,fherrera11_ucmerced
111,4e26d4d7-3c2a-4f33-b255-8a50b99af8be,,382cbc54-e96a-4006-99dc-244065811d10,,2,3/31/2023 1:03:21 AM,fherrera11_ucmerced,3/31/2023 1:03:21 AM,fherrera11_ucmerced
112,f0afcdd6-4826-4141-8092-38c2460dacae,,382cbc54-e96a-4006-99dc-244065811d10,,2,3/31/2023 1:03:32 AM,fherrera11_ucmerced,3/31/2023 1:03:32 AM,fherrera11_ucmerced
113,895f4806-db7c-47dc-9938-dfa0b5a6db7e,,382cbc54-e96a-4006-99dc-244065811d10,,1,3/31/2023 1:03:43 AM,fherrera11_ucmerced,3/31/2023 1:03:43 AM,fherrera11_ucmerced
114,458239f1-0e0f-4df1-a102-025375bc34fe,,a3ce3979-d769-49ab-bc26-124b581db39d,,1,3/31/2023 1:05:23 AM,fherrera11_ucmerced,3/31/2023 1:05:23 AM,fherrera11_ucmerced
115,0e8fb03e-fcf6-4cc7-a47a-3fb70a7e3760,,a3ce3979-d769-49ab-bc26-124b581db39d,,2,3/31/2023 1:05:33 AM,fherrera11_ucmerced,3/31/2023 1:05:33 AM,fherrera11_ucmerced
116,6110eedf-f1ca-469a-a205-897b0f023c6a,,a3ce3979-d769-49ab-bc26-124b581db39d,,2,3/31/2023 1:05:45 AM,fherrera11_ucmerced,3/31/2023 1:05:45 AM,fherrera11_ucmerced
117,f8c32336-4762-41cb-8936-49a72a1712b9,,a3ce3979-d769-49ab-bc26-124b581db39d,,1,3/31/2023 1:05:54 AM,fherrera11_ucmerced,3/31/2023 1:05:54 AM,fherrera11_ucmerced
118,88f899ac-39e1-43ee-ba78-afbe8713c263,,a3ce3979-d769-49ab-bc26-124b581db39d,,1,3/31/2023 1:06:04 AM,fherrera11_ucmerced,3/31/2023 1:06:04 AM,fherrera11_ucmerced
119,51b8b7c8-2fa7-4570-924d-d20822d10957,,4c791df0-e83a-412c-9df0-424c83b01383,,1,3/31/2023 1:06:15 AM,fherrera11_ucmerced,3/31/2023 1:06:15 AM,fherrera11_ucmerced
120,c8e1d00c-4844-4858-8051-3e0adfafd96e,,4c791df0-e83a-412c-9df0-424c83b01383,,1,3/31/2023 1:06:23 AM,fherrera11_ucmerced,3/31/2023 1:06:23 AM,fherrera11_ucmerced
121,23afdefa-6f97-491c-82ec-c33cb2b06cda,,4c791df0-e83a-412c-9df0-424c83b01383,,1,3/31/2023 1:06:31 AM,fherrera11_ucmerced,3/31/2023 1:06:31 AM,fherrera11_ucmerced
122,8e48743f-37aa-4774-8701-b7f2153ecc1c,,4c791df0-e83a-412c-9df0-424c83b01383,,2,3/31/2023 1:06:40 AM,fherrera11_ucmerced,3/31/2023 1:06:40 AM,fherrera11_ucmerced
123,edb75bea-ae04-4227-b1c3-690af1cd40a6,,4c791df0-e83a-412c-9df0-424c83b01383,,1,3/31/2023 1:06:50 AM,fherrera11_ucmerced,3/31/2023 1:06:50 AM,fherrera11_ucmerced
124,6cc2f438-6a59-4aa0-a1c6-d16c27296bcc,,dec1dc36-21b2-426d-94b2-94eec4adacbe,,1,3/31/2023 1:07:43 AM,fherrera11_ucmerced,3/31/2023 1:07:43 AM,fherrera11_ucmerced
125,ff56e52f-c228-48b2-9e4d-84e7eca4957f,,dec1dc36-21b2-426d-94b2-94eec4adacbe,,1,3/31/2023 1:07:54 AM,fherrera11_ucmerced,3/31/2023 1:07:54 AM,fherrera11_ucmerced
126,52373c12-cefd-429c-bbe8-5d794d1b4595,,dec1dc36-21b2-426d-94b2-94eec4adacbe,,1,3/31/2023 1:08:15 AM,fherrera11_ucmerced,3/31/2023 1:08:15 AM,fherrera11_ucmerced
127,2f3cf8b6-70e5-4391-b925-1344d46d7c5f,,dec1dc36-21b2-426d-94b2-94eec4adacbe,,1,3/31/2023 1:08:34 AM,fherrera11_ucmerced,3/31/2023 1:08:34 AM,fherrera11_ucmerced
128,e82fb7fd-795d-41d0-bcd6-57c4bb6248b5,,2cc912f0-a2f1-4215-af91-b05af816a0d9,,5,3/31/2023 1:09:04 AM,fherrera11_ucmerced,3/31/2023 1:09:04 AM,fherrera11_ucmerced
129,add0878c-48c0-4fae-a398-89ee9fc60b6e,,2cc912f0-a2f1-4215-af91-b05af816a0d9,,6,3/31/2023 1:09:15 AM,fherrera11_ucmerced,3/31/2023 1:09:15 AM,fherrera11_ucmerced
130,bae13ff2-e7ba-452e-b88c-0fe63e4eb614,,2cc912f0-a2f1-4215-af91-b05af816a0d9,,7,3/31/2023 1:09:24 AM,fherrera11_ucmerced,3/31/2023 1:09:24 AM,fherrera11_ucmerced
131,04d4e14e-62da-4d8b-aad3-82abe0530350,,03ab0ee7-1cee-422f-83a7-39f2b9d6edc6,,2,3/31/2023 1:09:45 AM,fherrera11_ucmerced,3/31/2023 1:09:45 AM,fherrera11_ucmerced
132,3774bb6c-9055-4e3d-b5ad-2a02e821863f,,03ab0ee7-1cee-422f-83a7-39f2b9d6edc6,,3,3/31/2023 1:09:56 AM,fherrera11_ucmerced,3/31/2023 1:09:56 AM,fherrera11_ucmerced
133,08c9f1e5-e858-4d12-8969-545fcb9b7bfa,,03ab0ee7-1cee-422f-83a7-39f2b9d6edc6,,2,3/31/2023 1:10:04 AM,fherrera11_ucmerced,3/31/2023 1:10:04 AM,fherrera11_ucmerced
134,9a2ac414-6689-4d99-b329-e87972379b9c,,03ab0ee7-1cee-422f-83a7-39f2b9d6edc6,,1,3/31/2023 1:10:13 AM,fherrera11_ucmerced,3/31/2023 1:10:13 AM,fherrera11_ucmerced
135,464451b4-3131-44bc-b1d3-42a315fc1cc2,,bd87e74b-5091-4010-9ee1-f2da15a07855,,40,3/31/2023 1:10:38 AM,fherrera11_ucmerced,3/31/2023 1:10:38 AM,fherrera11_ucmerced
136,1510cc9b-43f7-4061-9190-b5c5bfe15758,,bd87e74b-5091-4010-9ee1-f2da15a07855,,51,3/31/2023 1:10:48 AM,fherrera11_ucmerced,3/31/2023 1:10:48 AM,fherrera11_ucmerced
137,e177a9f5-6bcf-49fd-a0a4-1f87c13f8bcd,,bd87e74b-5091-4010-9ee1-f2da15a07855,,49,3/31/2023 1:11:00 AM,fherrera11_ucmerced,3/31/2023 1:11:00 AM,fherrera11_ucmerced
138,62b2e0f3-ee30-4d17-8743-bb45e177c21a,,99d2131d-8f17-4115-86f1-60aab188dca4,,53,3/31/2023 1:11:16 AM,fherrera11_ucmerced,3/31/2023 1:11:16 AM,fherrera11_ucmerced
139,906eec75-c952-4030-b4e6-1ba6381a6f57,,99d2131d-8f17-4115-86f1-60aab188dca4,,57,3/31/2023 1:11:27 AM,fherrera11_ucmerced,3/31/2023 1:11:27 AM,fherrera11_ucmerced
140,52cf0554-ea6e-44be-9f1e-fffeded59301,,99d2131d-8f17-4115-86f1-60aab188dca4,,47,3/31/2023 1:11:44 AM,fherrera11_ucmerced,3/31/2023 1:11:44 AM,fherrera11_ucmerced
141,ab2e008f-72ad-43cf-8dd7-f89fe1a4f719,,e6dbc0c2-8014-42f6-9c71-ef2a11097985,,11,3/31/2023 1:12:00 AM,fherrera11_ucmerced,3/31/2023 1:12:00 AM,fherrera11_ucmerced
142,fdc89afe-7524-44f4-8758-ed5fb2c60bed,,e6dbc0c2-8014-42f6-9c71-ef2a11097985,,12,3/31/2023 1:12:09 AM,fherrera11_ucmerced,3/31/2023 1:12:09 AM,fherrera11_ucmerced
143,1b4705b6-ff07-414a-9d68-70c72e69aa22,,e6dbc0c2-8014-42f6-9c71-ef2a11097985,,9,3/31/2023 1:12:17 AM,fherrera11_ucmerced,3/31/2023 1:12:17 AM,fherrera11_ucmerced
144,84f5068c-6262-4018-abf5-f9ab0afa5e71,,50de0f33-ce22-4246-9945-cfec135c8f15,,3,3/31/2023 1:12:32 AM,fherrera11_ucmerced,3/31/2023 1:12:32 AM,fherrera11_ucmerced
145,80314d87-9cd4-4f14-a36f-6a03dc5a073b,,50de0f33-ce22-4246-9945-cfec135c8f15,,2,3/31/2023 1:12:40 AM,fherrera11_ucmerced,3/31/2023 1:12:40 AM,fherrera11_ucmerced
146,1ba127f2-d6a3-4686-bbe6-ce4acb9e1f53,,50de0f33-ce22-4246-9945-cfec135c8f15,,1,3/31/2023 1:12:52 AM,fherrera11_ucmerced,3/31/2023 1:12:52 AM,fherrera11_ucmerced
147,8cb2b224-cce5-4843-b256-5300fd16d312,,ccfb6a24-f179-4da4-b89f-7c329fe0e8c9,,2,3/31/2023 1:13:06 AM,fherrera11_ucmerced,3/31/2023 1:13:06 AM,fherrera11_ucmerced
148,ff9f3313-489f-4002-99c8-8b04021a5d2b,,ccfb6a24-f179-4da4-b89f-7c329fe0e8c9,,2,3/31/2023 1:13:24 AM,fherrera11_ucmerced,3/31/2023 1:13:24 AM,fherrera11_ucmerced
149,e8a1f431-f166-4766-a8b7-7393bcc88b1e,,ccfb6a24-f179-4da4-b89f-7c329fe0e8c9,,1,3/31/2023 1:13:35 AM,fherrera11_ucmerced,3/31/2023 1:13:35 AM,fherrera11_ucmerced
150,52364ec1-cf8e-4a6e-8898-8d270f0024f5,,fee98b5b-3989-4547-a866-ed2125e98a9a,,2,3/31/2023 1:13:55 AM,fherrera11_ucmerced,3/31/2023 1:13:55 AM,fherrera11_ucmerced
151,027db9d2-a001-4986-8251-8e27af8fadaf,,fee98b5b-3989-4547-a866-ed2125e98a9a,,2,3/31/2023 1:14:29 AM,fherrera11_ucmerced,3/31/2023 1:14:29 AM,fherrera11_ucmerced
152,9379ab3a-5e9e-4eb4-a3f5-47d0cc0085e5,,fee98b5b-3989-4547-a866-ed2125e98a9a,,1,3/31/2023 1:14:38 AM,fherrera11_ucmerced,3/31/2023 1:14:38 AM,fherrera11_ucmerced
153,690302e7-1cef-4a4e-9848-56e625f040f4,,fee98b5b-3989-4547-a866-ed2125e98a9a,,1,3/31/2023 1:14:48 AM,fherrera11_ucmerced,3/31/2023 1:14:48 AM,fherrera11_ucmerced
154,aa27a5d9-2fdc-4395-89e7-36cf4b368977,,9a586f47-7a82-450c-8cfd-dca7c20c097b,,50,4/8/2023 5:57:24 PM,fherrera11_ucmerced,4/8/2023 5:57:24 PM,fherrera11_ucmerced
155,f792b0d7-4ac5-4d2a-8484-bf70ce9b1c45,,1267c7ee-8ae9-4325-b1c9-0a5827c9cbe9,,24,4/10/2023 5:16:51 PM,anewsam_ucmerced,4/10/2023 5:16:51 PM,anewsam_ucmerced
156,b5b5d6d4-396a-422e-bc9d-ed261215a2a0,,f3612386-ae51-4f87-8d15-42d2cb28b96b,,2,4/10/2023 5:17:21 PM,anewsam_ucmerced,4/10/2023 5:17:21 PM,anewsam_ucmerced
157,976a1481-3581-40f6-a4d1-59e7158cf3c5,,d393b22e-e47a-4934-b16b-0dbde07a06d0,,1,4/10/2023 5:17:42 PM,anewsam_ucmerced,4/10/2023 5:17:42 PM,anewsam_ucmerced
158,f5e567cc-bfa9-4fee-81d6-9f48174399c7,,657f9095-253f-4b5b-9267-7c8cacb5236c,,2,4/10/2023 5:17:56 PM,anewsam_ucmerced,4/10/2023 5:17:56 PM,anewsam_ucmerced
159,7ce09268-c213-48ed-8ca4-bb62e2db6357,,9a586f47-7a82-450c-8cfd-dca7c20c097b,,24,4/10/2023 5:18:29 PM,anewsam_ucmerced,4/10/2023 5:18:29 PM,anewsam_ucmerced
160,85da8c99-b49f-4fab-9c47-c16d9902b148,,dec1dc36-21b2-426d-94b2-94eec4adacbe,,2,4/10/2023 5:18:48 PM,anewsam_ucmerced,4/10/2023 5:18:48 PM,anewsam_ucmerced
161,2a3399ce-f3a6-4aa9-beff-1cfba454a126,,4c791df0-e83a-412c-9df0-424c83b01383,,1,4/10/2023 5:19:06 PM,anewsam_ucmerced,4/10/2023 5:19:06 PM,anewsam_ucmerced
162,213b90e3-6aa3-44ef-8beb-03a0e2931efa,,a3ce3979-d769-49ab-bc26-124b581db39d,,2,4/10/2023 5:19:18 PM,anewsam_ucmerced,4/10/2023 5:19:18 PM,anewsam_ucmerced
163,092d2c4f-80b3-40ba-8954-e4623e3cc863,,382cbc54-e96a-4006-99dc-244065811d10,,1,4/10/2023 5:19:38 PM,anewsam_ucmerced,4/10/2023 5:19:38 PM,anewsam_ucmerced
164,d2cb1b26-6fcb-4397-8fa7-1381911a9369,,3d4ade81-3b4f-4f4c-9a1c-35b6b40fb926,,0,4/10/2023 5:20:08 PM,anewsam_ucmerced,4/10/2023 5:20:08 PM,anewsam_ucmerced
165,2fe7ded6-a124-4450-b168-e9c573970d3f,,bad3bb01-8fe8-4000-bd00-9358fa12248d,,0,4/10/2023 5:20:22 PM,anewsam_ucmerced,4/10/2023 5:20:22 PM,anewsam_ucmerced
166,978ebbee-63a7-460b-a682-a1d29073cd71,,1267c7ee-8ae9-4325-b1c9-0a5827c9cbe9,,43,4/10/2023 5:22:28 PM,anewsam_ucmerced,4/10/2023 5:22:28 PM,anewsam_ucmerced
167,07ab1b50-da14-474a-b015-8b88708672a8,,f3612386-ae51-4f87-8d15-42d2cb28b96b,,3,4/10/2023 5:22:43 PM,anewsam_ucmerced,4/10/2023 5:22:43 PM,anewsam_ucmerced
168,7d97d2c5-7c31-470f-81e3-c587797b61fc,,8b3afbf7-aded-4cc9-a5d3-b13b45e58f09,,1,4/10/2023 5:23:04 PM,anewsam_ucmerced,4/10/2023 5:23:04 PM,anewsam_ucmerced
169,af636575-1db8-4b30-b8ea-79cf8cb3881a,,abb0c4b6-2ba6-4bd5-b14e-e38ac2231d38,,4,4/10/2023 5:23:21 PM,anewsam_ucmerced,4/10/2023 5:23:21 PM,anewsam_ucmerced
170,850ce798-f84e-472d-a9a1-fba76b2acf4d,,cdb00697-f3d4-4e51-a65f-57ce43e9cd2f,,2,4/10/2023 5:23:32 PM,anewsam_ucmerced,4/10/2023 5:23:32 PM,anewsam_ucmerced
171,6af77581-77f1-4ab2-a938-30871b6523e4,,c7fd9a01-d259-4a43-affe-0aee40d33433,,0,4/10/2023 5:23:52 PM,anewsam_ucmerced,4/10/2023 5:23:52 PM,anewsam_ucmerced
172,22d32a32-d3d6-4984-9a72-22b29586bc0d,,9a586f47-7a82-450c-8cfd-dca7c20c097b,,24,4/12/2023 4:59:27 PM,anewsam_ucmerced,4/12/2023 4:59:27 PM,anewsam_ucmerced
173,6f598ad3-8539-4f22-83eb-9e71ed41fef8,,bad3bb01-8fe8-4000-bd00-9358fa12248d,,11,4/12/2023 4:59:52 PM,anewsam_ucmerced,4/12/2023 4:59:52 PM,anewsam_ucmerced
174,a2590073-6839-4fe9-9017-d8451d156e55,,3d4ade81-3b4f-4f4c-9a1c-35b6b40fb926,,0,4/12/2023 5:00:10 PM,anewsam_ucmerced,4/12/2023 5:00:10 PM,anewsam_ucmerced
175,56fff972-fda8-4a0c-8af0-0da338af7818,,382cbc54-e96a-4006-99dc-244065811d10,,1,4/12/2023 5:00:28 PM,anewsam_ucmerced,4/12/2023 5:00:28 PM,anewsam_ucmerced
176,0b156720-9929-464f-8fab-66098ad8fccb,,a3ce3979-d769-49ab-bc26-124b581db39d,,1,4/12/2023 5:00:45 PM,anewsam_ucmerced,4/12/2023 5:00:45 PM,anewsam_ucmerced
177,f53667e9-e46c-448c-96e6-be46dfbb6b48,,4c791df0-e83a-412c-9df0-424c83b01383,,2,4/12/2023 5:01:06 PM,anewsam_ucmerced,4/12/2023 5:01:06 PM,anewsam_ucmerced
178,499ed861-a55d-477b-baf9-097482e9a3fd,,dec1dc36-21b2-426d-94b2-94eec4adacbe,,2,4/12/2023 5:01:19 PM,anewsam_ucmerced,4/12/2023 5:01:19 PM,anewsam_ucmerced
179,acee0e7b-f116-4d1e-b216-eae85b2aaf8e,,1267c7ee-8ae9-4325-b1c9-0a5827c9cbe9,,33,4/12/2023 5:03:43 PM,anewsam_ucmerced,4/12/2023 5:03:43 PM,anewsam_ucmerced
180,f48ce3b8-77c4-4769-a9d7-c50aeec79107,,f3612386-ae51-4f87-8d15-42d2cb28b96b,,2,4/12/2023 5:03:56 PM,anewsam_ucmerced,4/12/2023 5:03:56 PM,anewsam_ucmerced
181,eabbc077-4829-4987-809e-5a83397309c0,,d393b22e-e47a-4934-b16b-0dbde07a06d0,,1,4/12/2023 5:04:07 PM,anewsam_ucmerced,4/12/2023 5:04:07 PM,anewsam_ucmerced
182,01cfb1a7-8e8a-43b3-a177-94e9526dc04b,,657f9095-253f-4b5b-9267-7c8cacb5236c,,1,4/12/2023 5:04:19 PM,anewsam_ucmerced,4/12/2023 5:04:19 PM,anewsam_ucmerced
183,d388fca0-7dd7-46c8-ab90-f9cca7cfab21,,8b3afbf7-aded-4cc9-a5d3-b13b45e58f09,,1,4/12/2023 5:04:31 PM,anewsam_ucmerced,4/12/2023 5:04:31 PM,anewsam_ucmerced
184,132449a5-10ab-47eb-ba08-851ba718c776,,abb0c4b6-2ba6-4bd5-b14e-e38ac2231d38,,1,4/12/2023 5:04:46 PM,anewsam_ucmerced,4/12/2023 5:04:46 PM,anewsam_ucmerced
185,e57a83c3-12ea-453e-a9f3-3d9005845803,,cdb00697-f3d4-4e51-a65f-57ce43e9cd2f,,1,4/12/2023 5:04:58 PM,anewsam_ucmerced,4/12/2023 5:04:58 PM,anewsam_ucmerced
186,fb3ea6a5-9b5c-4f46-950b-df7083ac11c7,,5f9fa78e-df42-49bd-9e0b-eeffd51e107b,,0,4/12/2023 5:05:10 PM,anewsam_ucmerced,4/12/2023 5:05:10 PM,anewsam_ucmerced
187,0b5519c5-1f48-406d-8327-d2f018b0b8ec,,c7fd9a01-d259-4a43-affe-0aee40d33433,,0,4/12/2023 5:05:25 PM,anewsam_ucmerced,4/12/2023 5:05:25 PM,anewsam_ucmerced
